{
  "items": [
    {
      "title": "50 Seasons Strong",
      "subtitle": "Half a century of Magpies pride",
      "tag": "MILESTONE",
      "image_url": "img/feats/50seasons.png",
      "alt_image_url": "img/feats/50seasons2.png",
      "primary_link_url": "#about",
      "primary_link_text": "Our Story",
      "extended": "Since 1973, Dudley Redhead JRL AFC has been a cornerstone of Newcastle rugby league. 50 years of tradition, community, and pride."
    },
    {
      "title": "Charlie's Run",
      "subtitle": "Supporting our community",
      "tag": "COMMUNITY",
      "image_url": "img/feats/charlies-run.png",
      "alt_image_url": "img/feats/charlies-run2.png",
      "primary_link_url": "#",
      "primary_link_text": "Learn More",
      "extended": "Our annual community event bringing together players, families, and supporters for a great cause."
    },
    {
      "title": "NRL Stage",
      "subtitle": "Playing on the big stage",
      "tag": "ACHIEVEMENT",
      "image_url": "img/feats/NRLSTAGE.png",
      "alt_image_url": "img/feats/nrlstage2.png",
      "primary_link_url": "#",
      "primary_link_text": "Watch Now",
      "extended": "Our junior teams getting the opportunity to showcase their skills at premier NRL venues."
    },
    {
      "title": "Volunteers",
      "subtitle": "100% community powered",
      "tag": "PEOPLE",
      "image_url": "img/feats/volunteers.png",
      "alt_image_url": "img/feats/volunteers2.png",
      "primary_link_url": "#",
      "primary_link_text": "Get Involved",
      "extended": "Every match, every training session, every success - powered entirely by our dedicated volunteers."
    },
    {
      "title": "Youth Development",
      "subtitle": "Building future stars",
      "tag": "PROGRAM",
      "image_url": "img/feats/volunteers.png",
      "alt_image_url": "img/feats/volunteers2.png",
      "primary_link_url": "#",
      "primary_link_text": "Join Now",
      "extended": "Comprehensive development programs for all ages and skill levels, from grassroots to competitive."
    }
  ]
}
