[
  {
    "date": "2025-03-08T14:00:00",
    "homeAway": "Home",
    "opponent": "Charlestown Bluebags",
    "venue": "Dudley Oval"
  },
  {
    "date": "2025-03-15T15:30:00",
    "homeAway": "Away",
    "opponent": "Warners Bay Bulldogs",
    "venue": "Bill Hobart Oval"
  },
  {
    "date": "2025-03-22T14:00:00",
    "homeAway": "Home",
    "opponent": "Kotara Bears",
    "venue": "Dudley Oval"
  },
  {
    "date": "2025-03-29T16:00:00",
    "homeAway": "Away",
    "opponent": "New Lambton Eagles",
    "venue": "Harker Oval"
  },
  {
    "date": "2025-04-05T14:00:00",
    "homeAway": "Home",
    "opponent": "Cardiff Hawks",
    "venue": "Dudley Oval"
  }
]
