[
  {
    "name": "AJ McDonough Earthmoving",
    "logo": "img/sponsors/ajmcdon.png"
  },
  {
    "name": "Charlestown Steering",
    "logo": "img/sponsors/charlestown-steering.png"
  },
  {
    "name": "Etch",
    "logo": "img/sponsors/etch.jpg"
  },
  {
    "name": "Ford Infrastructure",
    "logo": "img/sponsors/fordinfr.jpg"
  },
  {
    "name": "Heritage Bank",
    "logo": "img/sponsors/heritage.jpg"
  },
  {
    "name": "Jefcon",
    "logo": "img/sponsors/jefcon.webp"
  },
  {
    "name": "Jodie Harrison MP",
    "logo": "img/sponsors/jodieharrison.jpg"
  },
  {
    "name": "Kahbuah Sports Club",
    "logo": "img/sponsors/kahbuahsportsclibn.png"
  },
  {
    "name": "Mantles",
    "logo": "img/sponsors/mantles.jpg"
  },
  {
    "name": "Masterbuilt Pools",
    "logo": "img/sponsors/masterbuiltpools.png"
  },
  {
    "name": "Morning Market",
    "logo": "img/sponsors/morningmarket.jpg"
  },
  {
    "name": "Nandor",
    "logo": "img/sponsors/nandor.jpg"
  },
  {
    "name": "Newcastle Truck Rental",
    "logo": "img/sponsors/newcadtletruckrental.jpg"
  },
  {
    "name": "Revo Fitness",
    "logo": "img/sponsors/revo.jpg"
  },
  {
    "name": "Sharpes Physio",
    "logo": "img/sponsors/sharpesphysio.png"
  },
  {
    "name": "Shiels & Co",
    "logo": "img/sponsors/shielsco.png"
  },
  {
    "name": "Urban Bistro",
    "logo": "img/sponsors/urbanbistro.jpg"
  },
  {
    "name": "Urban Empire",
    "logo": "img/sponsors/urbanempire.jpg"
  },
  {
    "name": "Sponsor 19",
    "logo": ""
  },
  {
    "name": "Sponsor 20",
    "logo": ""
  },
  {
    "name": "Sponsor 21",
    "logo": ""
  },
  {
    "name": "Sponsor 22",
    "logo": ""
  },
  {
    "name": "Sponsor 23",
    "logo": ""
  },
  {
    "name": "Sponsor 24",
    "logo": ""
  },
  {
    "name": "Sponsor 25",
    "logo": ""
  },
  {
    "name": "Sponsor 26",
    "logo": ""
  },
  {
    "name": "Sponsor 27",
    "logo": ""
  },
  {
    "name": "Sponsor 28",
    "logo": ""
  },
  {
    "name": "Sponsor 29",
    "logo": ""
  },
  {
    "name": "Sponsor 30",
    "logo": ""
  },
  {
    "name": "Sponsor 31",
    "logo": ""
  },
  {
    "name": "Sponsor 32",
    "logo": ""
  },
  {
    "name": "Sponsor 33",
    "logo": ""
  }
]
